STATE,COUNTY,CTYNAME,POPESTIMATE2019
1,0,Alabama,4907965
1,1,Autauga County,55769
1,3,Baldwin County,223565
1,5,Barbour County,24657
1,7,Bibb County,22313
1,9,Blount County,57840
1,11,Bullock County,10144
1,13,Butler County,19501
1,15,Calhoun County,114070
1,17,Chambers County,33244
1,19,Cherokee County,26254
1,21,Chilton County,44313
1,23,Choctaw County,12577
1,25,Clarke County,23651
1,27,Clay County,13265
1,29,Cleburne County,14952
1,31,Coffee County,52639
1,33,Colbert County,55241
1,35,Conecuh County,12055
1,37,Coosa County,10677
1,39,Covington County,37082
1,41,Crenshaw County,13811
1,43,Cullman County,83644
1,45,Dale County,49294
1,47,Dallas County,37182
1,49,DeKalb County,71506
1,51,Elmore County,81575
1,53,Escambia County,36569
1,55,Etowah County,102460
1,57,Fayette County,16279
1,59,Franklin County,31587
1,61,Geneva County,26309
1,63,Greene County,8104
1,65,Hale County,14669
1,67,Henry County,17125
1,69,Houston County,106240
1,71,Jackson County,51672
1,73,Jefferson County,658539
1,75,Lamar County,13817
1,77,Lauderdale County,93028
1,79,Lawrence County,32851
1,81,Lee County,165015
1,83,Limestone County,99136
1,85,Lowndes County,9726
1,87,Macon County,18065
1,89,Madison County,372547
1,91,Marengo County,18919
1,93,Marion County,29826
1,95,Marshall County,96751
1,97,Mobile County,413516
1,99,Monroe County,20689
1,101,Montgomery County,226074
1,103,Morgan County,119630
1,105,Perry County,8940
1,107,Pickens County,19940
1,109,Pike County,33034
1,111,Randolph County,22781
1,113,Russell County,58098
1,115,St. Clair County,89735
1,117,Shelby County,218176
1,119,Sumter County,12358
1,121,Talladega County,80226
1,123,Tallapoosa County,40337
1,125,Tuscaloosa County,210321
1,127,Walker County,63680
1,129,Washington County,16279
1,131,Wilcox County,10396
1,133,Winston County,23700
2,0,Alaska,733603
2,13,Aleutians East Borough,3355
2,16,Aleutians West Census Area,5702
2,20,Anchorage Municipality,288790
2,50,Bethel Census Area,18493
2,60,Bristol Bay Borough,840
2,63,Chugach Census Area,6509
2,66,Copper River Census Area,2886
2,68,Denali Borough,2125
2,70,Dillingham Census Area,4932
2,90,Fairbanks North Star Borough,97088
2,100,Haines Borough,2561
2,105,Hoonah-Angoon Census Area,2144
2,110,Juneau City and Borough,32038
2,122,Kenai Peninsula Borough,58914
2,130,Ketchikan Gateway Borough,13905
2,150,Kodiak Island Borough,13209
2,158,Kusilvak Census Area,8384
2,164,Lake and Peninsula Borough,1583
2,170,Matanuska-Susitna Borough,108578
2,180,Nome Census Area,10040
2,185,North Slope Borough,9433
2,188,Northwest Arctic Borough,7673
2,195,Petersburg Borough,3294
2,198,Prince of Wales-Hyder Census Area,6211
2,220,Sitka City and Borough,8501
2,230,Skagway Municipality,1193
2,240,Southeast Fairbanks Census Area,6879
2,275,Wrangell City and Borough,2513
2,282,Yakutat City and Borough,576
2,290,Yukon-Koyukuk Census Area,5254
4,0,Arizona,7291843
4,1,Apache County,71920
4,3,Cochise County,127248
4,5,Coconino County,143967
4,7,Gila County,54077
4,9,Graham County,38890
4,11,Greenlee County,9467
4,12,La Paz County,21257
4,13,Maricopa County,4492261
4,15,Mohave County,213846
4,17,Navajo County,111037
4,19,Pima County,1049261
4,21,Pinal County,461640
4,23,Santa Cruz County,46728
4,25,Yavapai County,236062
4,27,Yuma County,214182
5,0,Arkansas,3020985
5,1,Arkansas County,17515
5,3,Ashley County,19742
5,5,Baxter County,41978
5,7,Benton County,279835
5,9,Boone County,37616
5,11,Bradley County,10792
5,13,Calhoun County,5137
5,15,Carroll County,28352
5,17,Chicot County,10189
5,19,Clark County,22365
5,21,Clay County,14494
5,23,Cleburne County,25019
5,25,Cleveland County,7937
5,27,Columbia County,23496
5,29,Conway County,20905
5,31,Craighead County,110772
5,33,Crawford County,63406
5,35,Crittenden County,47924
5,37,Cross County,16333
5,39,Dallas County,6951
5,41,Desha County,11400
5,43,Drew County,18092
5,45,Faulkner County,125828
5,47,Franklin County,17737
5,49,Fulton County,12516
5,51,Garland County,99472
5,53,Grant County,18287
5,55,Greene County,45316
5,57,Hempstead County,21568
5,59,Hot Spring County,33784
5,61,Howard County,13219
5,63,Independence County,37819
5,65,Izard County,13620
5,67,Jackson County,16782
5,69,Jefferson County,67137
5,71,Johnson County,26596
5,73,Lafayette County,6656
5,75,Lawrence County,16440
5,77,Lee County,8889
5,79,Lincoln County,13012
5,81,Little River County,12368
5,83,Logan County,21495
5,85,Lonoke County,73648
5,87,Madison County,16519
5,89,Marion County,16645
5,91,Miller County,43370
5,93,Mississippi County,40717
5,95,Monroe County,6723
5,97,Montgomery County,9047
5,99,Nevada County,8205
5,101,Newton County,7712
5,103,Ouachita County,23372
5,105,Perry County,10417
5,107,Phillips County,17769
5,109,Pike County,10705
5,111,Poinsett County,23502
5,113,Polk County,19944
5,115,Pope County,64145
5,117,Prairie County,8093
5,119,Pulaski County,392318
5,121,Randolph County,18161
5,123,St. Francis County,24977
5,125,Saline County,122550
5,127,Scott County,10217
5,129,Searcy County,7862
5,131,Sebastian County,127688
5,133,Sevier County,16972
5,135,Sharp County,17276
5,137,Stone County,12614
5,139,Union County,38677
5,141,Van Buren County,16529
5,143,Washington County,239392
5,145,White County,78621
5,147,Woodruff County,6431
5,149,Yell County,21376
6,0,California,39437610
6,1,Alameda County,1668412
6,3,Alpine County,1113
6,5,Amador County,39693
6,7,Butte County,218726
6,9,Calaveras County,46119
6,11,Colusa County,21474
6,13,Contra Costa County,1152883
6,15,Del Norte County,27903
6,17,El Dorado County,193057
6,19,Fresno County,997847
6,21,Glenn County,28445
6,23,Humboldt County,135839
6,25,Imperial County,180439
6,27,Inyo County,17993
6,29,Kern County,898898
6,31,Kings County,152727
6,33,Lake County,64463
6,35,Lassen County,30694
6,37,Los Angeles County,10011602
6,39,Madera County,156717
6,41,Marin County,259085
6,43,Mariposa County,17117
6,45,Mendocino County,86932
6,47,Merced County,277114
6,49,Modoc County,8866
6,51,Mono County,14450
6,53,Monterey County,433380
6,55,Napa County,137678
6,57,Nevada County,99648
6,59,Orange County,3170851
6,61,Placer County,398918
6,63,Plumas County,19052
6,65,Riverside County,2465569
6,67,Sacramento County,1551660
6,69,San Benito County,62803
6,71,San Bernardino County,2177279
6,73,San Diego County,3330459
6,75,San Francisco County,878826
6,77,San Joaquin County,761571
6,79,San Luis Obispo County,282728
6,81,San Mateo County,764810
6,83,Santa Barbara County,445464
6,85,Santa Clara County,1922411
6,87,Santa Cruz County,272870
6,89,Shasta County,179645
6,91,Sierra County,2959
6,93,Siskiyou County,43663
6,95,Solano County,447434
6,97,Sonoma County,492318
6,99,Stanislaus County,549761
6,101,Sutter County,96910
6,103,Tehama County,65186
6,105,Trinity County,12337
6,107,Tulare County,465751
6,109,Tuolumne County,54290
6,111,Ventura County,844203
6,113,Yolo County,220019
6,115,Yuba County,78549
8,0,Colorado,5758486
8,1,Adams County,516575
8,3,Alamosa County,16200
8,5,Arapahoe County,656051
8,7,Archuleta County,13928
8,9,Baca County,3620
8,11,Bent County,5578
8,13,Boulder County,326020
8,14,Broomfield County,70617
8,15,Chaffee County,20319
8,17,Cheyenne County,1824
8,19,Clear Creek County,9598
8,21,Conejos County,8169
8,23,Costilla County,3872
8,25,Crowley County,5989
8,27,Custer County,5119
8,29,Delta County,31021
8,31,Denver County,725508
8,33,Dolores County,2042
8,35,Douglas County,351842
8,37,Eagle County,55183
8,39,Elbert County,26707
8,41,El Paso County,721929
8,43,Fremont County,48009
8,45,Garfield County,60031
8,47,Gilpin County,6232
8,49,Grand County,15748
8,51,Gunnison County,17480
8,53,Hinsdale County,789
8,55,Huerfano County,6868
8,57,Jackson County,1397
8,59,Jefferson County,582800
8,61,Kiowa County,1417
8,63,Kit Carson County,7161
8,65,Lake County,8072
8,67,La Plata County,56440
8,69,Larimer County,357241
8,71,Las Animas County,14415
8,73,Lincoln County,5694
8,75,Logan County,22409
8,77,Mesa County,154552
8,79,Mineral County,756
8,81,Moffat County,13209
8,83,Montezuma County,26369
8,85,Montrose County,42791
8,87,Morgan County,28938
8,89,Otero County,18243
8,91,Ouray County,5005
8,93,Park County,18881
8,95,Phillips County,4359
8,97,Pitkin County,17902
8,99,Prowers County,12106
8,101,Pueblo County,168409
8,103,Rio Blanco County,6350
8,105,Rio Grande County,11277
8,107,Routt County,25579
8,109,Saguache County,6829
8,111,San Juan County,723
8,113,San Miguel County,8169
8,115,Sedgwick County,2274
8,117,Summit County,30851
8,119,Teller County,25408
8,121,Washington County,4869
8,123,Weld County,324703
8,125,Yuma County,10020
9,0,Connecticut,3566022
9,1,Fairfield County,944388
9,3,Hartford County,891349
9,5,Litchfield County,180396
9,7,Middlesex County,162538
9,9,New Haven County,853818
9,11,New London County,265784
9,13,Tolland County,150865
9,15,Windham County,116884
10,0,Delaware,976668
10,1,Kent County,181492
10,3,New Castle County,559941
10,5,Sussex County,235235
11,0,District of Columbia,708253
11,1,District of Columbia,708253
12,0,Florida,21492056
12,1,Alachua County,269489
12,3,Baker County,29288
12,5,Bay County,173895
12,7,Bradford County,28348
12,9,Brevard County,601024
12,11,Broward County,1955475
12,13,Calhoun County,14140
12,15,Charlotte County,189669
12,17,Citrus County,150153
12,19,Clay County,219014
12,21,Collier County,385917
12,23,Columbia County,71766
12,27,DeSoto County,37821
12,29,Dixie County,16887
12,31,Duval County,959853
12,33,Escambia County,319379
12,35,Flagler County,115481
12,37,Franklin County,12113
12,39,Gadsden County,45670
12,41,Gilchrist County,18572
12,43,Glades County,13914
12,45,Gulf County,13498
12,47,Hamilton County,14470
12,49,Hardee County,26806
12,51,Hendry County,42069
12,53,Hernando County,194290
12,55,Highlands County,105890
12,57,Hillsborough County,1476431
12,59,Holmes County,19661
12,61,Indian River County,159739
12,63,Jackson County,46257
12,65,Jefferson County,14280
12,67,Lafayette County,8384
12,69,Lake County,366941
12,71,Lee County,772268
12,73,Leon County,293866
12,75,Levy County,41620
12,77,Liberty County,8341
12,79,Madison County,18599
12,81,Manatee County,402977
12,83,Marion County,365997
12,85,Martin County,161212
12,86,Miami-Dade County,2711612
12,87,Monroe County,73897
12,89,Nassau County,88583
12,91,Okaloosa County,211411
12,93,Okeechobee County,42141
12,95,Orange County,1395371
12,97,Osceola County,374170
12,99,Palm Beach County,1497800
12,101,Pasco County,554032
12,103,Pinellas County,975367
12,105,Polk County,724967
12,107,Putnam County,74309
12,109,St. Johns County,265068
12,111,St. Lucie County,328063
12,113,Santa Rosa County,184587
12,115,Sarasota County,435006
12,117,Seminole County,471791
12,119,Sumter County,133772
12,121,Suwannee County,44420
12,123,Taylor County,21537
12,125,Union County,15213
12,127,Volusia County,554065
12,129,Wakulla County,33636
12,131,Walton County,74127
12,133,Washington County,25647
13,0,Georgia,10628020
13,1,Appling County,18389
13,3,Atkinson County,8269
13,5,Bacon County,11098
13,7,Baker County,3047
13,9,Baldwin County,45006
13,11,Banks County,19175
13,13,Barrow County,83581
13,15,Bartow County,107757
13,17,Ben Hill County,16711
13,19,Berrien County,19377
13,21,Bibb County,153191
13,23,Bleckley County,12923
13,25,Brantley County,19124
13,27,Brooks County,15518
13,29,Bryan County,39692
13,31,Bulloch County,79718
13,33,Burke County,22497
13,35,Butts County,24917
13,37,Calhoun County,6184
13,39,Camden County,54784
13,43,Candler County,10835
13,45,Carroll County,120115
13,47,Catoosa County,67585
13,49,Charlton County,13277
13,51,Chatham County,290185
13,53,Chattahoochee County,10991
13,55,Chattooga County,24846
13,57,Cherokee County,259475
13,59,Clarke County,128238
13,61,Clay County,2901
13,63,Clayton County,292404
13,65,Clinch County,6637
13,67,Cobb County,761060
13,69,Coffee County,43278
13,71,Colquitt County,45569
13,73,Columbia County,157129
13,75,Cook County,17241
13,77,Coweta County,148504
13,79,Crawford County,12345
13,81,Crisp County,22382
13,83,Dade County,16103
13,85,Dawson County,26091
13,87,Decatur County,26496
13,89,DeKalb County,759932
13,91,Dodge County,20672
13,93,Dooly County,13400
13,95,Dougherty County,87854
13,97,Douglas County,146680
13,99,Early County,10176
13,101,Echols County,3963
13,103,Effingham County,64342
13,105,Elbert County,19205
13,107,Emanuel County,22600
13,109,Evans County,10661
13,111,Fannin County,26068
13,113,Fayette County,114645
13,115,Floyd County,98325
13,117,Forsyth County,244624
13,119,Franklin County,23322
13,121,Fulton County,1065019
13,123,Gilmer County,31575
13,125,Glascock County,2959
13,127,Glynn County,85326
13,129,Gordon County,58046
13,131,Grady County,24588
13,133,Greene County,18356
13,135,Gwinnett County,937399
13,137,Habersham County,45542
13,139,Hall County,204310
13,141,Hancock County,8475
13,143,Haralson County,29884
13,145,Harris County,35188
13,147,Hart County,26255
13,149,Heard County,11825
13,151,Henry County,234671
13,153,Houston County,157427
13,155,Irwin County,9442
13,157,Jackson County,73015
13,159,Jasper County,14207
13,161,Jeff Davis County,15101
13,163,Jefferson County,15344
13,165,Jenkins County,8734
13,167,Johnson County,9724
13,169,Jones County,28689
13,171,Lamar County,19001
13,173,Lanier County,10581
13,175,Laurens County,47567
13,177,Lee County,30045
13,179,Liberty County,62813
13,181,Lincoln County,7969
13,183,Long County,19647
13,185,Lowndes County,117600
13,187,Lumpkin County,33692
13,189,McDuffie County,21317
13,191,McIntosh County,14294
13,193,Macon County,12934
13,195,Madison County,29925
13,197,Marion County,8413
13,199,Meriwether County,21112
13,201,Miller County,5667
13,205,Mitchell County,21846
13,207,Monroe County,27677
13,209,Montgomery County,9148
13,211,Morgan County,19239
13,213,Murray County,39996
13,215,Muscogee County,196074
13,217,Newton County,111894
13,219,Oconee County,40296
13,221,Oglethorpe County,15222
13,223,Paulding County,169302
13,225,Peach County,27697
13,227,Pickens County,32648
13,229,Pierce County,19443
13,231,Pike County,18953
13,233,Polk County,42616
13,235,Pulaski County,11161
13,237,Putnam County,22083
13,239,Quitman County,2300
13,241,Rabun County,17116
13,243,Randolph County,6806
13,245,Richmond County,202639
13,247,Rockdale County,90639
13,249,Schley County,5254
13,251,Screven County,13945
13,253,Seminole County,8090
13,255,Spalding County,66835
13,257,Stephens County,26017
13,259,Stewart County,6649
13,261,Sumter County,29401
13,263,Talbot County,6188
13,265,Taliaferro County,1549
13,267,Tattnall County,25317
13,269,Taylor County,8051
13,271,Telfair County,15813
13,273,Terrell County,8573
13,275,Thomas County,44427
13,277,Tift County,40653
13,279,Toombs County,26844
13,281,Towns County,12009
13,283,Treutlen County,6860
13,285,Troup County,70059
13,287,Turner County,7929
13,289,Twiggs County,8164
13,291,Union County,24606
13,293,Upson County,26402
13,295,Walker County,69769
13,297,Walton County,94818
13,299,Ware County,35816
13,301,Warren County,5220
13,303,Washington County,20352
13,305,Wayne County,30017
13,307,Webster County,2573
13,309,Wheeler County,7870
13,311,White County,30601
13,313,Whitfield County,104265
13,315,Wilcox County,8607
13,317,Wilkes County,9769
13,319,Wilkinson County,8936
13,321,Worth County,20185
15,0,Hawaii,1415615
15,1,Hawaii County,202165
15,3,Honolulu County,973491
15,5,Kalawao County,87
15,7,Kauai County,72190
15,9,Maui County,167682
16,0,Idaho,1789060
16,1,Ada County,481880
16,3,Adams County,4265
16,5,Bannock County,87822
16,7,Bear Lake County,6131
16,9,Benewah County,9303
16,11,Bingham County,46772
16,13,Blaine County,23012
16,15,Boise County,7903
16,17,Bonner County,45774
16,19,Bonneville County,119286
16,21,Boundary County,12340
16,23,Butte County,2620
16,25,Camas County,1091
16,27,Canyon County,230270
16,29,Caribou County,7149
16,31,Cassia County,24052
16,33,Clark County,838
16,35,Clearwater County,8761
16,37,Custer County,4273
16,39,Elmore County,27373
16,41,Franklin County,13898
16,43,Fremont County,13105
16,45,Gem County,18174
16,47,Gooding County,15290
16,49,Idaho County,16623
16,51,Jefferson County,29918
16,53,Jerome County,24486
16,55,Kootenai County,165656
16,57,Latah County,40372
16,59,Lemhi County,8067
16,61,Lewis County,3845
16,63,Lincoln County,5325
16,65,Madison County,40205
16,67,Minidoka County,20910
16,69,Nez Perce County,40601
16,71,Oneida County,4500
16,73,Owyhee County,11823
16,75,Payette County,24051
16,77,Power County,7636
16,79,Shoshone County,12868
16,81,Teton County,12096
16,83,Twin Falls County,87127
16,85,Valley County,11443
16,87,Washington County,10126
17,0,Illinois,12667017
17,1,Adams County,65402
17,3,Alexander County,5791
17,5,Bond County,16458
17,7,Boone County,53281
17,9,Brown County,6619
17,11,Bureau County,32621
17,13,Calhoun County,4740
17,15,Carroll County,14338
17,17,Cass County,12141
17,19,Champaign County,209612
17,21,Christian County,32427
17,23,Clark County,15465
17,25,Clay County,13177
17,27,Clinton County,37440
17,29,Coles County,50774
17,31,Cook County,5145326
17,33,Crawford County,18686
17,35,Cumberland County,10733
17,37,DeKalb County,105131
17,39,De Witt County,15624
17,41,Douglas County,19450
17,43,DuPage County,922761
17,45,Edgar County,17169
17,47,Edwards County,6405
17,49,Effingham County,34109
17,51,Fayette County,21332
17,53,Ford County,12972
17,55,Franklin County,38530
17,57,Fulton County,34240
17,59,Gallatin County,4833
17,61,Greene County,12922
17,63,Grundy County,51031
17,65,Hamilton County,8133
17,67,Hancock County,17700
17,69,Hardin County,3848
17,71,Henderson County,6709
17,73,Henry County,48933
17,75,Iroquois County,27093
17,77,Jackson County,56844
17,79,Jasper County,9618
17,81,Jefferson County,37635
17,83,Jersey County,21667
17,85,Jo Daviess County,21224
17,87,Johnson County,12380
17,89,Kane County,532293
17,91,Kankakee County,109569
17,93,Kendall County,128900
17,95,Knox County,49669
17,97,Lake County,697134
17,99,LaSalle County,108517
17,101,Lawrence County,15665
17,103,Lee County,34061
17,105,Livingston County,35557
17,107,Logan County,28633
17,109,McDonough County,29792
17,111,McHenry County,307439
17,113,McLean County,171272
17,115,Macon County,104012
17,117,Macoupin County,45079
17,119,Madison County,263609
17,121,Marion County,37309
17,123,Marshall County,11463
17,125,Mason County,13387
17,127,Massac County,13772
17,129,Menard County,12198
17,131,Mercer County,15490
17,133,Monroe County,34738
17,135,Montgomery County,28401
17,137,Morgan County,33679
17,139,Moultrie County,14464
17,141,Ogle County,50660
17,143,Peoria County,179359
17,145,Perry County,20935
17,147,Piatt County,16391
17,149,Pike County,15574
17,151,Pope County,4176
17,153,Pulaski County,5309
17,155,Putnam County,5745
17,157,Randolph County,31725
17,159,Richland County,15519
17,161,Rock Island County,141775
17,163,St. Clair County,259889
17,165,Saline County,23540
17,167,Sangamon County,194882
17,169,Schuyler County,6829
17,171,Scott County,4974
17,173,Shelby County,21625
17,175,Stark County,5312
17,177,Stephenson County,44371
17,179,Tazewell County,131848
17,181,Union County,16693
17,183,Vermilion County,75736
17,185,Wabash County,11370
17,187,Warren County,16816
17,189,Washington County,13926
17,191,Wayne County,16196
17,193,White County,13574
17,195,Whiteside County,55215
17,197,Will County,690176
17,199,Williamson County,66633
17,201,Winnebago County,282465
17,203,Woodford County,38353
18,0,Indiana,6731010
18,1,Adams County,35688
18,3,Allen County,379006
18,5,Bartholomew County,84063
18,7,Benton County,8763
18,9,Blackford County,11787
18,11,Boone County,67915
18,13,Brown County,15066
18,15,Carroll County,20211
18,17,Cass County,37610
18,19,Clark County,118191
18,21,Clay County,26301
18,23,Clinton County,32298
18,25,Crawford County,10593
18,27,Daviess County,33439
18,29,Dearborn County,49573
18,31,Decatur County,26472
18,33,DeKalb County,43561
18,35,Delaware County,113769
18,37,Dubois County,42578
18,39,Elkhart County,206268
18,41,Fayette County,23038
18,43,Floyd County,78601
18,45,Fountain County,16425
18,47,Franklin County,22763
18,49,Fulton County,20042
18,51,Gibson County,33709
18,53,Grant County,65836
18,55,Greene County,32117
18,57,Hamilton County,337955
18,59,Hancock County,78159
18,61,Harrison County,40552
18,63,Hendricks County,169924
18,65,Henry County,48025
18,67,Howard County,82660
18,69,Huntington County,36544
18,71,Jackson County,44179
18,73,Jasper County,33516
18,75,Jay County,20446
18,77,Jefferson County,32265
18,79,Jennings County,27662
18,81,Johnson County,158332
18,83,Knox County,36603
18,85,Kosciusko County,79438
18,87,LaGrange County,39771
18,89,Lake County,486244
18,91,LaPorte County,110044
18,93,Lawrence County,45419
18,95,Madison County,129416
18,97,Marion County,963829
18,99,Marshall County,46197
18,101,Martin County,10179
18,103,Miami County,35488
18,105,Monroe County,148178
18,107,Montgomery County,38275
18,109,Morgan County,70403
18,111,Newton County,13972
18,113,Noble County,47907
18,115,Ohio County,5908
18,117,Orange County,19657
18,119,Owen County,20881
18,121,Parke County,16893
18,123,Perry County,19184
18,125,Pike County,12383
18,127,Porter County,170599
18,129,Posey County,25408
18,131,Pulaski County,12379
18,133,Putnam County,37566
18,135,Randolph County,24533
18,137,Ripley County,28465
18,139,Rush County,16605
18,141,St. Joseph County,271695
18,143,Scott County,23855
18,145,Shelby County,44771
18,147,Spencer County,20273
18,149,Starke County,23011
18,151,Steuben County,34759
18,153,Sullivan County,20601
18,155,Switzerland County,10815
18,157,Tippecanoe County,194881
18,159,Tipton County,15133
18,161,Union County,7135
18,163,Vanderburgh County,181561
18,165,Vermillion County,15493
18,167,Vigo County,106958
18,169,Wabash County,31028
18,171,Warren County,8262
18,173,Warrick County,62851
18,175,Washington County,28063
18,177,Wayne County,65943
18,179,Wells County,28131
18,181,White County,24197
18,183,Whitley County,33868
19,0,Iowa,3159596
19,1,Adair County,7102
19,3,Adams County,3602
19,5,Allamakee County,13671
19,7,Appanoose County,12525
19,9,Audubon County,5491
19,11,Benton County,25544
19,13,Black Hawk County,131089
19,15,Boone County,26338
19,17,Bremer County,25170
19,19,Buchanan County,21148
19,21,Buena Vista County,19690
19,23,Butler County,14404
19,25,Calhoun County,9616
19,27,Carroll County,20118
19,29,Cass County,12822
19,31,Cedar County,18541
19,33,Cerro Gordo County,42477
19,35,Cherokee County,11231
19,37,Chickasaw County,11943
19,39,Clarke County,9382
19,41,Clay County,16094
19,43,Clayton County,17497
19,45,Clinton County,46559
19,47,Crawford County,16903
19,49,Dallas County,93631
19,51,Davis County,9006
19,53,Decatur County,7852
19,55,Delaware County,17057
19,57,Des Moines County,39051
19,59,Dickinson County,17290
19,61,Dubuque County,97432
19,63,Emmet County,9224
19,65,Fayette County,19575
19,67,Floyd County,15655
19,69,Franklin County,10082
19,71,Fremont County,6917
19,73,Greene County,8881
19,75,Grundy County,12227
19,77,Guthrie County,10741
19,79,Hamilton County,14797
19,81,Hancock County,10664
19,83,Hardin County,16809
19,85,Harrison County,14034
19,87,Henry County,19835
19,89,Howard County,9146
19,91,Humboldt County,9499
19,93,Ida County,6822
19,95,Iowa County,16146
19,97,Jackson County,19375
19,99,Jasper County,37171
19,101,Jefferson County,18180
19,103,Johnson County,152480
19,105,Jones County,20634
19,107,Keokuk County,10192
19,109,Kossuth County,14769
19,111,Lee County,33641
19,113,Linn County,227241
19,115,Louisa County,11059
19,117,Lucas County,8561
19,119,Lyon County,11806
19,121,Madison County,16273
19,123,Mahaska County,22429
19,125,Marion County,33280
19,127,Marshall County,39472
19,129,Mills County,15124
19,131,Mitchell County,10565
19,133,Monona County,8626
19,135,Monroe County,7681
19,137,Montgomery County,9917
19,139,Muscatine County,42571
19,141,O'Brien County,13796
19,143,Osceola County,5961
19,145,Page County,15129
19,147,Palo Alto County,8873
19,149,Plymouth County,25200
19,151,Pocahontas County,6632
19,153,Polk County,491031
19,155,Pottawattamie County,93405
19,157,Poweshiek County,18458
19,159,Ringgold County,4866
19,161,Sac County,9675
19,163,Scott County,173400
19,165,Shelby County,11479
19,167,Sioux County,34950
19,169,Story County,97441
19,171,Tama County,16904
19,173,Taylor County,6188
19,175,Union County,12224
19,177,Van Buren County,7044
19,179,Wapello County,35151
19,181,Warren County,51548
19,183,Washington County,22030
19,185,Wayne County,6413
19,187,Webster County,35982
19,189,Winnebago County,10357
19,191,Winneshiek County,19992
19,193,Woodbury County,103132
19,195,Worth County,7407
19,197,Wright County,12551
20,0,Kansas,2912635
20,1,Allen County,12404
20,3,Anderson County,7899
20,5,Atchison County,16138
20,7,Barber County,4458
20,9,Barton County,25938
20,11,Bourbon County,14499
20,13,Brown County,9541
20,15,Butler County,66932
20,17,Chase County,2585
20,19,Chautauqua County,3203
20,21,Cherokee County,19948
20,23,Cheyenne County,2624
20,25,Clark County,2006
20,27,Clay County,8009
20,29,Cloud County,8779
20,31,Coffey County,8142
20,33,Comanche County,1704
20,35,Cowley County,34784
20,37,Crawford County,38734
20,39,Decatur County,2816
20,41,Dickinson County,18381
20,43,Doniphan County,7584
20,45,Douglas County,122269
20,47,Edwards County,2783
20,49,Elk County,2507
20,51,Ellis County,28652
20,53,Ellsworth County,6093
20,55,Finney County,36351
20,57,Ford County,33346
20,59,Franklin County,25618
20,61,Geary County,31992
20,63,Gove County,2665
20,65,Graham County,2441
20,67,Grant County,7136
20,69,Gray County,5996
20,71,Greeley County,1211
20,73,Greenwood County,6001
20,75,Hamilton County,2515
20,77,Harper County,5442
20,79,Harvey County,34442
20,81,Haskell County,3987
20,83,Hodgeman County,1763
20,85,Jackson County,13164
20,87,Jefferson County,19165
20,89,Jewell County,2858
20,91,Johnson County,602948
20,93,Kearny County,3807
20,95,Kingman County,7056
20,97,Kiowa County,2470
20,99,Labette County,19704
20,101,Lane County,1527
20,103,Leavenworth County,81911
20,105,Lincoln County,2964
20,107,Linn County,9714
20,109,Logan County,2776
20,111,Lyon County,33224
20,113,McPherson County,28584
20,115,Marion County,11831
20,117,Marshall County,9691
20,119,Meade County,4023
20,121,Miami County,34244
20,123,Mitchell County,5967
20,125,Montgomery County,31796
20,127,Morris County,5623
20,129,Morton County,2536
20,131,Nemaha County,10170
20,133,Neosho County,15899
20,135,Ness County,2782
20,137,Norton County,5372
20,139,Osage County,15906
20,141,Osborne County,3438
20,143,Ottawa County,5713
20,145,Pawnee County,6384
20,147,Phillips County,5248
20,149,Pottawatomie County,24468
20,151,Pratt County,9114
20,153,Rawlins County,2493
20,155,Reno County,61963
20,157,Republic County,4563
20,159,Rice County,9512
20,161,Riley County,72762
20,163,Rooks County,4937
20,165,Rush County,2994
20,167,Russell County,6868
20,169,Saline County,54140
20,171,Scott County,4850
20,173,Sedgwick County,516579
20,175,Seward County,21421
20,177,Shawnee County,176735
20,179,Sheridan County,2517
20,181,Sherman County,5932
20,183,Smith County,3571
20,185,Stafford County,4081
20,187,Stanton County,1987
20,189,Stevens County,5405
20,191,Sumner County,22810
20,193,Thomas County,7704
20,195,Trego County,2779
20,197,Wabaunsee County,6892
20,199,Wallace County,1518
20,201,Washington County,5449
20,203,Wichita County,2118
20,205,Wilson County,8555
20,207,Woodson County,3096
20,209,Wyandotte County,166009
21,0,Kentucky,4472345
21,1,Adair County,19472
21,3,Allen County,21320
21,5,Anderson County,22700
21,7,Ballard County,7817
21,9,Barren County,44185
21,11,Bath County,12532
21,13,Bell County,26026
21,15,Boone County,133670
21,17,Bourbon County,19774
21,19,Boyd County,46839
21,21,Boyle County,30000
21,23,Bracken County,8330
21,25,Breathitt County,12612
21,27,Breckinridge County,20471
21,29,Bullitt County,81803
21,31,Butler County,12861
21,33,Caldwell County,12731
21,35,Calloway County,39073
21,37,Campbell County,93841
21,39,Carlisle County,4721
21,41,Carroll County,10658
21,43,Carter County,26766
21,45,Casey County,16204
21,47,Christian County,71577
21,49,Clark County,36280
21,51,Clay County,19912
21,53,Clinton County,10200
21,55,Crittenden County,8807
21,57,Cumberland County,6626
21,59,Daviess County,101555
21,61,Edmonson County,12149
21,63,Elliott County,7485
21,65,Estill County,14143
21,67,Fayette County,323922
21,69,Fleming County,14574
21,71,Floyd County,35515
21,73,Franklin County,50887
21,75,Fulton County,5989
21,77,Gallatin County,8842
21,79,Garrard County,17684
21,81,Grant County,25120
21,83,Graves County,37170
21,85,Grayson County,26435
21,87,Green County,10949
21,89,Greenup County,35164
21,91,Hancock County,8716
21,93,Hardin County,110970
21,95,Harlan County,25960
21,97,Harrison County,18838
21,99,Hart County,19014
21,101,Henderson County,45276
21,103,Henry County,16063
21,105,Hickman County,4365
21,107,Hopkins County,44660
21,109,Jackson County,13316
21,111,Jefferson County,767785
21,113,Jessamine County,54012
21,115,Johnson County,22188
21,117,Kenton County,167333
21,119,Knott County,14861
21,121,Knox County,31151
21,123,Larue County,14393
21,125,Laurel County,60842
21,127,Lawrence County,15395
21,129,Lee County,7390
21,131,Leslie County,9880
21,133,Letcher County,21560
21,135,Lewis County,13309
21,137,Lincoln County,24519
21,139,Livingston County,9148
21,141,Logan County,27111
21,143,Lyon County,8256
21,145,McCracken County,65622
21,147,McCreary County,17260
21,149,McLean County,9162
21,151,Madison County,93099
21,153,Magoffin County,12184
21,155,Marion County,19237
21,157,Marshall County,31113
21,159,Martin County,11258
21,161,Mason County,17049
21,163,Meade County,28610
21,165,Menifee County,6483
21,167,Mercer County,21921
21,169,Metcalfe County,10084
21,171,Monroe County,10654
21,173,Montgomery County,28197
21,175,Morgan County,13297
21,177,Muhlenberg County,30681
21,179,Nelson County,46221
21,181,Nicholas County,7248
21,183,Ohio County,24043
21,185,Oldham County,66818
21,187,Owen County,10884
21,189,Owsley County,4413
21,191,Pendleton County,14566
21,193,Perry County,25801
21,195,Pike County,57919
21,197,Powell County,12303
21,199,Pulaski County,65243
21,201,Robertson County,2149
21,203,Rockcastle County,16736
21,205,Rowan County,24519
21,207,Russell County,17944
21,209,Scott County,57079
21,211,Shelby County,49022
21,213,Simpson County,18530
21,215,Spencer County,19302
21,217,Taylor County,25735
21,219,Todd County,12318
21,221,Trigg County,14666
21,223,Trimble County,8529
21,225,Union County,14497
21,227,Warren County,132759
21,229,Washington County,12098
21,231,Wayne County,20278
21,233,Webster County,12945
21,235,Whitley County,36362
21,237,Wolfe County,7151
21,239,Woodford County,26654
22,0,Louisiana,4658285
22,1,Acadia Parish,62207
22,3,Allen Parish,25594
22,5,Ascension Parish,126798
22,7,Assumption Parish,21921
22,9,Avoyelles Parish,40138
22,11,Beauregard Parish,37649
22,13,Bienville Parish,13234
22,15,Bossier Parish,127377
22,17,Caddo Parish,240431
22,19,Calcasieu Parish,204038
22,21,Caldwell Parish,9946
22,23,Cameron Parish,6981
22,25,Catahoula Parish,9459
22,27,Claiborne Parish,15718
22,29,Concordia Parish,19314
22,31,De Soto Parish,27440
22,33,East Baton Rouge Parish,441471
22,35,East Carroll Parish,6829
22,37,East Feliciana Parish,19103
22,39,Evangeline Parish,33396
22,41,Franklin Parish,19996
22,43,Grant Parish,22352
22,45,Iberia Parish,69638
22,47,Iberville Parish,32549
22,49,Jackson Parish,15761
22,51,Jefferson Parish,434096
22,53,Jefferson Davis Parish,31444
22,55,Lafayette Parish,244798
22,57,Lafourche Parish,97618
22,59,LaSalle Parish,14910
22,61,Lincoln Parish,46851
22,63,Livingston Parish,141561
22,65,Madison Parish,10994
22,67,Morehouse Parish,24839
22,69,Natchitoches Parish,38179
22,71,Orleans Parish,391172
22,73,Ouachita Parish,153401
22,75,Plaquemines Parish,23264
22,77,Pointe Coupee Parish,21735
22,79,Rapides Parish,129800
22,81,Red River Parish,8380
22,83,Richland Parish,20147
22,85,Sabine Parish,23895
22,87,St. Bernard Parish,47192
22,89,St. Charles Parish,53083
22,91,St. Helena Parish,10145
22,93,St. James Parish,21045
22,95,St. John the Baptist Parish,42824
22,97,St. Landry Parish,82196
22,99,St. Martin Parish,53497
22,101,St. Mary Parish,49294
22,103,St. Tammany Parish,261303
22,105,Tangipahoa Parish,134845
22,107,Tensas Parish,4319
22,109,Terrebonne Parish,110615
22,111,Union Parish,22068
22,113,Vermilion Parish,59573
22,115,Vernon Parish,48394
22,117,Washington Parish,46158
22,119,Webster Parish,38323
22,121,West Baton Rouge Parish,26550
22,123,West Carroll Parish,10906
22,125,West Feliciana Parish,15570
22,127,Winn Parish,13961
23,0,Maine,1345770
23,1,Androscoggin County,108361
23,3,Aroostook County,67092
23,5,Cumberland County,296052
23,7,Franklin County,30046
23,9,Hancock County,55098
23,11,Kennebec County,122241
23,13,Knox County,39792
23,15,Lincoln County,34685
23,17,Oxford County,57895
23,19,Penobscot County,151823
23,21,Piscataquis County,16880
23,23,Sagadahoc County,36057
23,25,Somerset County,50729
23,27,Waldo County,39755
23,29,Washington County,31286
23,31,York County,207978
24,0,Maryland,6054954
24,1,Allegany County,70527
24,3,Anne Arundel County,579895
24,5,Baltimore County,828503
24,9,Calvert County,92660
24,11,Caroline County,33509
24,13,Carroll County,168774
24,15,Cecil County,103092
24,17,Charles County,163733
24,19,Dorchester County,31864
24,21,Frederick County,260609
24,23,Garrett County,29049
24,25,Harford County,255594
24,27,Howard County,325951
24,29,Kent County,19426
24,31,Montgomery County,1051129
24,33,Prince George's County,911562
24,35,Queen Anne's County,50585
24,37,St. Mary's County,113764
24,39,Somerset County,25609
24,41,Talbot County,37186
24,43,Washington County,151066
24,45,Wicomico County,104005
24,47,Worcester County,52261
24,510,Baltimore city,594601
25,0,Massachusetts,6894883
25,1,Barnstable County,212923
25,3,Berkshire County,125217
25,5,Bristol County,565096
25,7,Dukes County,17461
25,9,Essex County,789725
25,11,Franklin County,70276
25,13,Hampden County,465749
25,15,Hampshire County,161596
25,17,Middlesex County,1611263
25,19,Nantucket County,11330
25,21,Norfolk County,707164
25,23,Plymouth County,521841
25,25,Suffolk County,805915
25,27,Worcester County,829327
26,0,Michigan,9984795
26,1,Alcona County,10453
26,3,Alger County,9078
26,5,Allegan County,118045
26,7,Alpena County,28391
26,9,Antrim County,23359
26,11,Arenac County,14944
26,13,Baraga County,8245
26,15,Barry County,61481
26,17,Bay County,102964
26,19,Benzie County,17767
26,21,Berrien County,153352
26,23,Branch County,43444
26,25,Calhoun County,133806
26,27,Cass County,51847
26,29,Charlevoix County,26202
26,31,Cheboygan County,25331
26,33,Chippewa County,37287
26,35,Clare County,30884
26,37,Clinton County,79615
26,39,Crawford County,14012
26,41,Delta County,35744
26,43,Dickinson County,25336
26,45,Eaton County,110119
26,47,Emmet County,33337
26,49,Genesee County,405702
26,51,Gladwin County,25430
26,53,Gogebic County,13971
26,55,Grand Traverse County,93032
26,57,Gratiot County,40681
26,59,Hillsdale County,45548
26,61,Houghton County,35709
26,63,Huron County,30904
26,65,Ingham County,291426
26,67,Ionia County,64654
26,69,Iosco County,25244
26,71,Iron County,11053
26,73,Isabella County,69635
26,75,Jackson County,158357
26,77,Kalamazoo County,265531
26,79,Kalkaska County,17984
26,81,Kent County,656800
26,83,Keweenaw County,2085
26,85,Lake County,11752
26,87,Lapeer County,87808
26,89,Leelanau County,21692
26,91,Lenawee County,98519
26,93,Livingston County,192058
26,95,Luce County,6266
26,97,Mackinac County,10807
26,99,Macomb County,872389
26,101,Manistee County,24619
26,103,Marquette County,66689
26,105,Mason County,29154
26,107,Mecosta County,43583
26,109,Menominee County,22772
26,111,Midland County,83412
26,113,Missaukee County,15079
26,115,Monroe County,150412
26,117,Montcalm County,63708
26,119,Montmorency County,9304
26,121,Muskegon County,173645
26,123,Newaygo County,49027
26,125,Oakland County,1257726
26,127,Oceana County,26562
26,129,Ogemaw County,20933
26,131,Ontonagon County,5713
26,133,Osceola County,23394
26,135,Oscoda County,8318
26,137,Otsego County,24664
26,139,Ottawa County,291460
26,141,Presque Isle County,12602
26,143,Roscommon County,23986
26,145,Saginaw County,190484
26,147,St. Clair County,159339
26,149,St. Joseph County,60826
26,151,Sanilac County,41220
26,153,Schoolcraft County,8081
26,155,Shiawassee County,68065
26,157,Tuscola County,52355
26,159,Van Buren County,75594
26,161,Washtenaw County,368242
26,163,Wayne County,1750093
26,165,Wexford County,33654
27,0,Minnesota,5640053
27,1,Aitkin County,15841
27,3,Anoka County,357538
27,5,Becker County,34461
27,7,Beltrami County,47205
27,9,Benton County,40938
27,11,Big Stone County,4967
27,13,Blue Earth County,67874
27,15,Brown County,24965
27,17,Carlton County,35913
27,19,Carver County,105128
27,21,Cass County,29622
27,23,Chippewa County,11756
27,25,Chisago County,56543
27,27,Clay County,64441
27,29,Clearwater County,8843
27,31,Cook County,5416
27,33,Cottonwood County,11232
27,35,Crow Wing County,65191
27,37,Dakota County,429453
27,39,Dodge County,20976
27,41,Douglas County,38070
27,43,Faribault County,13671
27,45,Fillmore County,21081
27,47,Freeborn County,30385
27,49,Goodhue County,46391
27,51,Grant County,5977
27,53,Hennepin County,1265159
27,55,Houston County,18667
27,57,Hubbard County,21604
27,59,Isanti County,40447
27,61,Itasca County,45225
27,63,Jackson County,9799
27,65,Kanabec County,16357
27,67,Kandiyohi County,43137
27,69,Kittson County,4286
27,71,Koochiching County,12202
27,73,Lac qui Parle County,6628
27,75,Lake County,10625
27,77,Lake of the Woods County,3736
27,79,Le Sueur County,28856
27,81,Lincoln County,5619
27,83,Lyon County,25579
27,85,McLeod County,35826
27,87,Mahnomen County,5540
27,89,Marshall County,9345
27,91,Martin County,19641
27,93,Meeker County,23166
27,95,Mille Lacs County,26166
27,97,Morrison County,33329
27,99,Mower County,40040
27,101,Murray County,8197
27,103,Nicollet County,34311
27,105,Nobles County,21645
27,107,Norman County,6388
27,109,Olmsted County,158188
27,111,Otter Tail County,58684
27,113,Pennington County,14069
27,115,Pine County,29430
27,117,Pipestone County,9152
27,119,Polk County,31330
27,121,Pope County,11216
27,123,Ramsey County,549632
27,125,Red Lake County,4032
27,127,Redwood County,15158
27,129,Renville County,14551
27,131,Rice County,67016
27,133,Rock County,9334
27,135,Roseau County,15176
27,137,St. Louis County,199212
27,139,Scott County,149004
27,141,Sherburne County,97424
27,143,Sibley County,14868
27,145,Stearns County,161076
27,147,Steele County,36687
27,149,Stevens County,9822
27,151,Swift County,9294
27,153,Todd County,24725
27,155,Traverse County,3260
27,157,Wabasha County,21548
27,159,Wadena County,13662
27,161,Waseca County,18558
27,163,Washington County,262541
27,165,Watonwan County,10846
27,167,Wilkin County,6223
27,169,Winona County,50659
27,171,Wright County,138542
27,173,Yellow Medicine County,9736
28,0,Mississippi,2978227
28,1,Adams County,30736
28,3,Alcorn County,37043
28,5,Amite County,12286
28,7,Attala County,18173
28,9,Benton County,8278
28,11,Bolivar County,30714
28,13,Calhoun County,14365
28,15,Carroll County,9928
28,17,Chickasaw County,17026
28,19,Choctaw County,8192
28,21,Claiborne County,8998
28,23,Clarke County,15506
28,25,Clay County,19349
28,27,Coahoma County,22095
28,29,Copiah County,28099
28,31,Covington County,18562
28,33,DeSoto County,185385
28,35,Forrest County,75035
28,37,Franklin County,7694
28,39,George County,24435
28,41,Greene County,13569
28,43,Grenada County,20732
28,45,Hancock County,47673
28,47,Harrison County,207859
28,49,Hinds County,231919
28,51,Holmes County,17036
28,53,Humphreys County,8056
28,55,Issaquena County,1324
28,57,Itawamba County,23351
28,59,Jackson County,143387
28,61,Jasper County,16368
28,63,Jefferson County,7022
28,65,Jefferson Davis County,11089
28,67,Jones County,68282
28,69,Kemper County,9780
28,71,Lafayette County,54239
28,73,Lamar County,63447
28,75,Lauderdale County,74619
28,77,Lawrence County,12607
28,79,Leake County,22830
28,81,Lee County,85674
28,83,Leflore County,28202
28,85,Lincoln County,34111
28,87,Lowndes County,58621
28,89,Madison County,106334
28,91,Marion County,24504
28,93,Marshall County,35302
28,95,Monroe County,35291
28,97,Montgomery County,9766
28,99,Neshoba County,29147
28,101,Newton County,20987
28,103,Noxubee County,10425
28,105,Oktibbeha County,49543
28,107,Panola County,34102
28,109,Pearl River County,55752
28,111,Perry County,11998
28,113,Pike County,39284
28,115,Pontotoc County,32280
28,117,Prentiss County,25074
28,119,Quitman County,6808
28,121,Rankin County,155342
28,123,Scott County,28203
28,125,Sharkey County,4312
28,127,Simpson County,26803
28,129,Smith County,15840
28,131,Stone County,18289
28,133,Sunflower County,25131
28,135,Tallahatchie County,13931
28,137,Tate County,28304
28,139,Tippah County,22021
28,141,Tishomingo County,19368
28,143,Tunica County,9602
28,145,Union County,28711
28,147,Walthall County,14316
28,149,Warren County,45477
28,151,Washington County,43973
28,153,Wayne County,20186
28,155,Webster County,9702
28,157,Wilkinson County,8628
28,159,Winston County,17993
28,161,Yalobusha County,12104
28,163,Yazoo County,29698
29,0,Missouri,6140475
29,1,Adair County,25511
29,3,Andrew County,17699
29,5,Atchison County,5109
29,7,Audrain County,24962
29,9,Barry County,35789
29,11,Barton County,11681
29,13,Bates County,16213
29,15,Benton County,19477
29,17,Bollinger County,12142
29,19,Boone County,181084
29,21,Buchanan County,87212
29,23,Butler County,42574
29,25,Caldwell County,9039
29,27,Callaway County,44762
29,29,Camden County,46211
29,31,Cape Girardeau County,78971
29,33,Carroll County,8698
29,35,Carter County,5981
29,37,Cass County,105731
29,39,Cedar County,14301
29,41,Chariton County,7463
29,43,Christian County,88913
29,45,Clark County,6804
29,47,Clay County,250522
29,49,Clinton County,20434
29,51,Cole County,76774
29,53,Cooper County,17563
29,55,Crawford County,23856
29,57,Dade County,7547
29,59,Dallas County,16984
29,61,Daviess County,8273
29,63,DeKalb County,10802
29,65,Dent County,15548
29,67,Douglas County,13248
29,69,Dunklin County,29173
29,71,Franklin County,103860
29,73,Gasconade County,14671
29,75,Gentry County,6564
29,77,Greene County,293499
29,79,Grundy County,9780
29,81,Harrison County,8346
29,83,Henry County,21971
29,85,Hickory County,9496
29,87,Holt County,4387
29,89,Howard County,9982
29,91,Howell County,40084
29,93,Iron County,10152
29,95,Jackson County,704350
29,97,Jasper County,121228
29,99,Jefferson County,225402
29,101,Johnson County,54187
29,103,Knox County,3957
29,105,Laclede County,35869
29,107,Lafayette County,32774
29,109,Lawrence County,38288
29,111,Lewis County,9787
29,113,Lincoln County,59040
29,115,Linn County,11906
29,117,Livingston County,14982
29,119,McDonald County,22912
29,121,Macon County,15111
29,123,Madison County,12118
29,125,Maries County,8751
29,127,Marion County,28543
29,129,Mercer County,3619
29,131,Miller County,25607
29,133,Mississippi County,13208
29,135,Moniteau County,15816
29,137,Monroe County,8627
29,139,Montgomery County,11472
29,141,Morgan County,20720
29,143,New Madrid County,17052
29,145,Newton County,58329
29,147,Nodaway County,22089
29,149,Oregon County,10517
29,151,Osage County,13621
29,153,Ozark County,9155
29,155,Pemiscot County,15864
29,157,Perry County,19164
29,159,Pettis County,42417
29,161,Phelps County,44593
29,163,Pike County,17678
29,165,Platte County,104726
29,167,Polk County,32228
29,169,Pulaski County,52634
29,171,Putnam County,4688
29,173,Ralls County,10292
29,175,Randolph County,24839
29,177,Ray County,23024
29,179,Reynolds County,6288
29,181,Ripley County,13343
29,183,St. Charles County,401625
29,185,St. Clair County,9450
29,186,Ste. Genevieve County,17957
29,187,St. Francois County,66942
29,189,St. Louis County,995467
29,195,Saline County,22827
29,197,Schuyler County,4632
29,199,Scotland County,4936
29,201,Scott County,38416
29,203,Shannon County,8177
29,205,Shelby County,5923
29,207,Stoddard County,29096
29,209,Stone County,32002
29,211,Sullivan County,6061
29,213,Taney County,56057
29,215,Texas County,25383
29,217,Vernon County,20654
29,219,Warren County,35716
29,221,Washington County,24743
29,223,Wayne County,12904
29,225,Webster County,39644
29,227,Worth County,1989
29,229,Wright County,18329
29,510,St. Louis city,300887
30,0,Montana,1070123
30,1,Beaverhead County,9474
30,3,Big Horn County,13248
30,5,Blaine County,6704
30,7,Broadwater County,6203
30,9,Carbon County,10703
30,11,Carter County,1245
30,13,Cascade County,81393
30,15,Chouteau County,5681
30,17,Custer County,11361
30,19,Daniels County,1646
30,21,Dawson County,8638
30,23,Deer Lodge County,9207
30,25,Fallon County,2878
30,27,Fergus County,11032
30,29,Flathead County,103880
30,31,Gallatin County,114472
30,33,Garfield County,1272
30,35,Glacier County,13701
30,37,Golden Valley County,827
30,39,Granite County,3335
30,41,Hill County,16494
30,43,Jefferson County,12211
30,45,Judith Basin County,2010
30,47,Lake County,30586
30,49,Lewis and Clark County,69578
30,51,Liberty County,2386
30,53,Lincoln County,20099
30,55,McCone County,1649
30,57,Madison County,8749
30,59,Meagher County,1841
30,61,Mineral County,4422
30,63,Missoula County,120066
30,65,Musselshell County,4626
30,67,Park County,16612
30,69,Petroleum County,497
30,71,Phillips County,3955
30,73,Pondera County,5858
30,75,Powder River County,1688
30,77,Powell County,6854
30,79,Prairie County,1064
30,81,Ravalli County,44149
30,83,Richland County,10943
30,85,Roosevelt County,11027
30,87,Rosebud County,8955
30,89,Sanders County,11946
30,91,Sheridan County,3318
30,93,Silver Bow County,34901
30,95,Stillwater County,9671
30,97,Sweet Grass County,3717
30,99,Teton County,6150
30,101,Toole County,4709
30,103,Treasure County,697
30,105,Valley County,7390
30,107,Wheatland County,2102
30,109,Wibaux County,954
30,111,Yellowstone County,161349
31,0,Nebraska,1932571
31,1,Adams County,31309
31,3,Antelope County,6317
31,5,Arthur County,468
31,7,Banner County,757
31,9,Blaine County,455
31,11,Boone County,5176
31,13,Box Butte County,10786
31,15,Boyd County,1894
31,17,Brown County,2966
31,19,Buffalo County,49823
31,21,Burt County,6494
31,23,Butler County,7990
31,25,Cass County,26186
31,27,Cedar County,8420
31,29,Chase County,3901
31,31,Cherry County,5757
31,33,Cheyenne County,9011
31,35,Clay County,6219
31,37,Colfax County,10677
31,39,Cuming County,8818
31,41,Custer County,10796
31,43,Dakota County,20100
31,45,Dawes County,8557
31,47,Dawson County,23571
31,49,Deuel County,1816
31,51,Dixon County,5636
31,53,Dodge County,36444
31,55,Douglas County,570860
31,57,Dundy County,1686
31,59,Fillmore County,5484
31,61,Franklin County,2945
31,63,Frontier County,2631
31,65,Furnas County,4690
31,67,Gage County,21542
31,69,Garden County,1822
31,71,Garfield County,1970
31,73,Gosper County,1978
31,75,Grant County,631
31,77,Greeley County,2368
31,79,Hall County,61454
31,81,Hamilton County,9285
31,83,Harlan County,3372
31,85,Hayes County,911
31,87,Hitchcock County,2759
31,89,Holt County,10084
31,91,Hooker County,668
31,93,Howard County,6423
31,95,Jefferson County,7020
31,97,Johnson County,5050
31,99,Kearney County,6607
31,101,Keith County,8021
31,103,Keya Paha County,784
31,105,Kimball County,3597
31,107,Knox County,8337
31,109,Lancaster County,318403
31,111,Lincoln County,34856
31,113,Logan County,750
31,115,Loup County,659
31,117,McPherson County,493
31,119,Madison County,35059
31,121,Merrick County,7818
31,123,Morrill County,4624
31,125,Nance County,3482
31,127,Nemaha County,6943
31,129,Nuckolls County,4152
31,131,Otoe County,15993
31,133,Pawnee County,2639
31,135,Perkins County,2884
31,137,Phelps County,8991
31,139,Pierce County,7136
31,141,Platte County,33413
31,143,Polk County,5154
31,145,Red Willow County,10720
31,147,Richardson County,7854
31,149,Rock County,1370
31,151,Saline County,14194
31,153,Sarpy County,186893
31,155,Saunders County,21562
31,157,Scotts Bluff County,35582
31,159,Seward County,17318
31,161,Sheridan County,5229
31,163,Sherman County,2984
31,165,Sioux County,1158
31,167,Stanton County,5932
31,169,Thayer County,4976
31,171,Thomas County,723
31,173,Thurston County,7234
31,175,Valley County,4117
31,177,Washington County,20683
31,179,Wayne County,9413
31,181,Webster County,3465
31,183,Wheeler County,780
31,185,York County,13612
32,0,Nevada,3090771
32,1,Churchill County,25048
32,3,Clark County,2275884
32,5,Douglas County,48998
32,7,Elko County,52880
32,9,Esmeralda County,870
32,11,Eureka County,2078
32,13,Humboldt County,16884
32,15,Lander County,5516
32,17,Lincoln County,5179
32,19,Lyon County,57499
32,21,Mineral County,4516
32,23,Nye County,46845
32,27,Pershing County,6628
32,29,Storey County,4193
32,31,Washoe County,472381
32,33,White Pine County,9478
32,510,Carson City,55894
33,0,New Hampshire,1360783
33,1,Belknap County,61398
33,3,Carroll County,48745
33,5,Cheshire County,75880
33,7,Coos County,31421
33,9,Grafton County,90369
33,11,Hillsborough County,417738
33,13,Merrimack County,151606
33,15,Rockingham County,309647
33,17,Strafford County,130716
33,19,Sullivan County,43263
34,0,New Jersey,8891258
34,1,Atlantic County,263653
34,3,Bergen County,932256
34,5,Burlington County,446160
34,7,Camden County,506503
34,9,Cape May County,92247
34,11,Cumberland County,148995
34,13,Essex County,802162
34,15,Gloucester County,291842
34,17,Hudson County,674030
34,19,Hunterdon County,125201
34,21,Mercer County,368047
34,23,Middlesex County,824394
34,25,Monmouth County,619687
34,27,Morris County,491577
34,29,Ocean County,607498
34,31,Passaic County,501838
34,33,Salem County,62341
34,35,Somerset County,329998
34,37,Sussex County,140710
34,39,Union County,556664
34,41,Warren County,105455
35,0,New Mexico,2099634
35,1,Bernalillo County,679425
35,3,Catron County,3507
35,5,Chaves County,64586
35,6,Cibola County,26681
35,7,Colfax County,12068
35,9,Curry County,49083
35,11,De Baca County,1741
35,13,Doña Ana County,218864
35,15,Eddy County,58394
35,17,Grant County,26941
35,19,Guadalupe County,4278
35,21,Harding County,636
35,23,Hidalgo County,4203
35,25,Lea County,71123
35,27,Lincoln County,19730
35,28,Los Alamos County,19383
35,29,Luna County,23775
35,31,McKinley County,71478
35,33,Mora County,4490
35,35,Otero County,67572
35,37,Quay County,8243
35,39,Rio Arriba County,38883
35,41,Roosevelt County,18501
35,43,Sandoval County,147045
35,45,San Juan County,124027
35,47,San Miguel County,27337
35,49,Santa Fe County,150951
35,51,Sierra County,10886
35,53,Socorro County,16613
35,55,Taos County,32752
35,57,Torrance County,15442
35,59,Union County,4043
35,61,Valencia County,76953
36,0,New York,19463131
36,1,Albany County,304752
36,3,Allegany County,45915
36,5,Bronx County,1418187
36,7,Broome County,190737
36,9,Cattaraugus County,76230
36,11,Cayuga County,76450
36,13,Chautauqua County,126636
36,15,Chemung County,83404
36,17,Chenango County,47234
36,19,Clinton County,80031
36,21,Columbia County,59582
36,23,Cortland County,47410
36,25,Delaware County,44356
36,27,Dutchess County,293934
36,29,Erie County,918813
36,31,Essex County,36987
36,33,Franklin County,50102
36,35,Fulton County,53336
36,37,Genesee County,57414
36,39,Greene County,47211
36,41,Hamilton County,4438
36,43,Herkimer County,61356
36,45,Jefferson County,110143
36,47,Kings County,2562329
36,49,Lewis County,26329
36,51,Livingston County,62893
36,53,Madison County,70875
36,55,Monroe County,742605
36,57,Montgomery County,49355
36,59,Nassau County,1356073
36,61,New York County,1632326
36,63,Niagara County,209563
36,65,Oneida County,228240
36,67,Onondaga County,460870
36,69,Ontario County,109984
36,71,Orange County,384950
36,73,Orleans County,40351
36,75,Oswego County,116934
36,77,Otsego County,59347
36,79,Putnam County,98511
36,81,Queens County,2253942
36,83,Rensselaer County,158981
36,85,Richmond County,476141
36,87,Rockland County,326352
36,89,St. Lawrence County,107766
36,91,Saratoga County,229635
36,93,Schenectady County,155548
36,95,Schoharie County,31052
36,97,Schuyler County,17812
36,99,Seneca County,34189
36,101,Steuben County,95328
36,103,Suffolk County,1478325
36,105,Sullivan County,75551
36,107,Tioga County,48221
36,109,Tompkins County,101971
36,111,Ulster County,177933
36,113,Warren County,63980
36,115,Washington County,61168
36,117,Wayne County,89816
36,119,Westchester County,968467
36,121,Wyoming County,39858
36,123,Yates County,24902
37,0,North Carolina,10501384
37,1,Alamance County,169173
37,3,Alexander County,37417
37,5,Alleghany County,11134
37,7,Anson County,23538
37,9,Ashe County,27215
37,11,Avery County,17496
37,13,Beaufort County,47096
37,15,Bertie County,18962
37,17,Bladen County,32864
37,19,Brunswick County,142987
37,21,Buncombe County,262049
37,23,Burke County,90424
37,25,Cabarrus County,216340
37,27,Caldwell County,82275
37,29,Camden County,10770
37,31,Carteret County,69513
37,33,Caswell County,22590
37,35,Catawba County,159363
37,37,Chatham County,74419
37,39,Cherokee County,28708
37,41,Chowan County,13917
37,43,Clay County,11277
37,45,Cleveland County,97964
37,47,Columbus County,55452
37,49,Craven County,102031
37,51,Cumberland County,336524
37,53,Currituck County,27916
37,55,Dare County,37071
37,57,Davidson County,168238
37,59,Davie County,42699
37,61,Duplin County,58802
37,63,Durham County,322969
37,65,Edgecombe County,51429
37,67,Forsyth County,382118
37,69,Franklin County,69775
37,71,Gaston County,224652
37,73,Gates County,11536
37,75,Graham County,8470
37,77,Granville County,60358
37,79,Greene County,20915
37,81,Guilford County,537872
37,83,Halifax County,50074
37,85,Harnett County,136172
37,87,Haywood County,62510
37,89,Henderson County,117347
37,91,Hertford County,23642
37,93,Hoke County,55166
37,95,Hyde County,4932
37,97,Iredell County,181866
37,99,Jackson County,43736
37,101,Johnston County,209786
37,103,Jones County,9339
37,105,Lee County,61772
37,107,Lenoir County,56074
37,109,Lincoln County,86627
37,111,McDowell County,45784
37,113,Macon County,35729
37,115,Madison County,21638
37,117,Martin County,22451
37,119,Mecklenburg County,1113283
37,121,Mitchell County,14928
37,123,Montgomery County,27209
37,125,Moore County,101167
37,127,Nash County,94258
37,129,New Hanover County,234275
37,131,Northampton County,19498
37,133,Onslow County,202795
37,135,Orange County,148192
37,137,Pamlico County,12650
37,139,Pasquotank County,39970
37,141,Pender County,63046
37,143,Perquimans County,13578
37,145,Person County,39621
37,147,Pitt County,181257
37,149,Polk County,20723
37,151,Randolph County,143495
37,153,Richmond County,44764
37,155,Robeson County,130440
37,157,Rockingham County,91118
37,159,Rowan County,141818
37,161,Rutherford County,67031
37,163,Sampson County,63372
37,165,Scotland County,34776
37,167,Stanly County,62645
37,169,Stokes County,45634
37,171,Surry County,71741
37,173,Swain County,14312
37,175,Transylvania County,34270
37,177,Tyrrell County,3813
37,179,Union County,240028
37,181,Vance County,44670
37,183,Wake County,1112795
37,185,Warren County,19692
37,187,Washington County,11635
37,189,Watauga County,56271
37,191,Wayne County,123904
37,193,Wilkes County,68296
37,195,Wilson County,81775
37,197,Yadkin County,37617
37,199,Yancey County,18059
38,0,North Dakota,763724
38,1,Adams County,2227
38,3,Barnes County,10414
38,5,Benson County,6837
38,7,Billings County,937
38,9,Bottineau County,6292
38,11,Bowman County,3036
38,13,Burke County,2131
38,15,Burleigh County,95816
38,17,Cass County,182238
38,19,Cavalier County,3734
38,21,Dickey County,4851
38,23,Divide County,2244
38,25,Dunn County,4412
38,27,Eddy County,2241
38,29,Emmons County,3235
38,31,Foster County,3217
38,33,Golden Valley County,1762
38,35,Grand Forks County,69670
38,37,Grant County,2272
38,39,Griggs County,2218
38,41,Hettinger County,2521
38,43,Kidder County,2481
38,45,LaMoure County,4049
38,47,Logan County,1851
38,49,McHenry County,5753
38,51,McIntosh County,2473
38,53,McKenzie County,15038
38,55,McLean County,9440
38,57,Mercer County,8228
38,59,Morton County,31301
38,61,Mountrail County,10507
38,63,Nelson County,2856
38,65,Oliver County,1951
38,67,Pembina County,6754
38,69,Pierce County,3997
38,71,Ramsey County,11488
38,73,Ransom County,5217
38,75,Renville County,2324
38,77,Richland County,16187
38,79,Rolette County,14271
38,81,Sargent County,3950
38,83,Sheridan County,1295
38,85,Sioux County,4259
38,87,Slope County,754
38,89,Stark County,31483
38,91,Steele County,1900
38,93,Stutsman County,20695
38,95,Towner County,2166
38,97,Traill County,8037
38,99,Walsh County,10574
38,101,Ward County,68449
38,103,Wells County,3794
38,105,Williams County,37897
39,0,Ohio,11696507
39,1,Adams County,27640
39,3,Allen County,102450
39,5,Ashland County,53418
39,7,Ashtabula County,97088
39,9,Athens County,65582
39,11,Auglaize County,45610
39,13,Belmont County,66979
39,15,Brown County,43473
39,17,Butler County,383603
39,19,Carroll County,26984
39,21,Champaign County,38930
39,23,Clark County,134315
39,25,Clermont County,206851
39,27,Clinton County,42002
39,29,Columbiana County,101794
39,31,Coshocton County,36549
39,33,Crawford County,41396
39,35,Cuyahoga County,1235574
39,37,Darke County,51181
39,39,Defiance County,37978
39,41,Delaware County,209768
39,43,Erie County,74179
39,45,Fairfield County,157703
39,47,Fayette County,28486
39,49,Franklin County,1318766
39,51,Fulton County,42175
39,53,Gallia County,29850
39,55,Geauga County,93494
39,57,Greene County,169354
39,59,Guernsey County,38876
39,61,Hamilton County,818653
39,63,Hancock County,75690
39,65,Hardin County,31369
39,67,Harrison County,15053
39,69,Henry County,26942
39,71,Highland County,43123
39,73,Hocking County,28240
39,75,Holmes County,44021
39,77,Huron County,58269
39,79,Jackson County,32372
39,81,Jefferson County,65494
39,83,Knox County,62239
39,85,Lake County,229739
39,87,Lawrence County,59556
39,89,Licking County,177174
39,91,Logan County,45594
39,93,Lorain County,310100
39,95,Lucas County,428888
39,97,Madison County,44812
39,99,Mahoning County,227510
39,101,Marion County,65057
39,103,Medina County,180121
39,105,Meigs County,22868
39,107,Mercer County,41255
39,109,Miami County,106995
39,111,Monroe County,13708
39,113,Montgomery County,532139
39,115,Morgan County,14505
39,117,Morrow County,35342
39,119,Muskingum County,86042
39,121,Noble County,14451
39,123,Ottawa County,40532
39,125,Paulding County,18672
39,127,Perry County,36127
39,129,Pickaway County,58521
39,131,Pike County,27784
39,133,Portage County,162426
39,135,Preble County,40848
39,137,Putnam County,33843
39,139,Richland County,121384
39,141,Ross County,76613
39,143,Sandusky County,58520
39,145,Scioto County,75051
39,147,Seneca County,55220
39,149,Shelby County,48592
39,151,Stark County,370723
39,153,Summit County,540814
39,155,Trumbull County,198069
39,157,Tuscarawas County,91993
39,159,Union County,59054
39,161,Van Wert County,28231
39,163,Vinton County,13028
39,165,Warren County,235601
39,167,Washington County,60018
39,169,Wayne County,115824
39,171,Williams County,36765
39,173,Wood County,131089
39,175,Wyandot County,21796
40,0,Oklahoma,3960676
40,1,Adair County,22224
40,3,Alfalfa County,5664
40,5,Atoka County,13738
40,7,Beaver County,5308
40,9,Beckham County,21834
40,11,Blaine County,9457
40,13,Bryan County,48089
40,15,Caddo County,28927
40,17,Canadian County,148635
40,19,Carter County,48328
40,21,Cherokee County,48819
40,23,Choctaw County,14642
40,25,Cimarron County,2148
40,27,Cleveland County,284537
40,29,Coal County,5511
40,31,Comanche County,121224
40,33,Cotton County,5650
40,35,Craig County,14110
40,37,Creek County,71362
40,39,Custer County,28913
40,41,Delaware County,43011
40,43,Dewey County,4896
40,45,Ellis County,3865
40,47,Garfield County,61332
40,49,Garvin County,27687
40,51,Grady County,55764
40,53,Grant County,4328
40,55,Greer County,5698
40,57,Harmon County,2645
40,59,Harper County,3707
40,61,Haskell County,12670
40,63,Hughes County,13240
40,65,Jackson County,24431
40,67,Jefferson County,5988
40,69,Johnston County,11055
40,71,Kay County,43668
40,73,Kingfisher County,15899
40,75,Kiowa County,8725
40,77,Latimer County,10044
40,79,Le Flore County,49804
40,81,Lincoln County,34939
40,83,Logan County,48084
40,85,Love County,10177
40,87,McClain County,40466
40,89,McCurtain County,32748
40,91,McIntosh County,19595
40,93,Major County,7630
40,95,Marshall County,16946
40,97,Mayes County,41136
40,99,Murray County,14081
40,101,Muskogee County,68097
40,103,Noble County,11168
40,105,Nowata County,10123
40,107,Okfuskee County,11956
40,109,Oklahoma County,797563
40,111,Okmulgee County,38417
40,113,Osage County,46942
40,115,Ottawa County,31180
40,117,Pawnee County,16379
40,119,Payne County,81683
40,121,Pittsburg County,43673
40,123,Pontotoc County,38352
40,125,Pottawatomie County,72703
40,127,Pushmataha County,11030
40,129,Roger Mills County,3593
40,131,Rogers County,92616
40,133,Seminole County,24321
40,135,Sequoyah County,41599
40,137,Stephens County,43258
40,139,Texas County,20216
40,141,Tillman County,7260
40,143,Tulsa County,652166
40,145,Wagoner County,81466
40,147,Washington County,51665
40,149,Washita County,10943
40,151,Woods County,8790
40,153,Woodward County,20138
41,0,Oregon,4216116
41,1,Baker County,16123
41,3,Benton County,93114
41,5,Clackamas County,418199
41,7,Clatsop County,40208
41,9,Columbia County,52614
41,11,Coos County,64677
41,13,Crook County,24388
41,15,Curry County,22981
41,17,Deschutes County,197417
41,19,Douglas County,110926
41,21,Gilliam County,1911
41,23,Grant County,7166
41,25,Harney County,7375
41,27,Hood River County,23347
41,29,Jackson County,220815
41,31,Jefferson County,24647
41,33,Josephine County,87679
41,35,Klamath County,68343
41,37,Lake County,7939
41,39,Lane County,382064
41,41,Lincoln County,50125
41,43,Linn County,129598
41,45,Malheur County,30698
41,47,Marion County,347557
41,49,Morrow County,11607
41,51,Multnomah County,812439
41,53,Polk County,85851
41,55,Sherman County,1790
41,57,Tillamook County,27132
41,59,Umatilla County,77744
41,61,Union County,26733
41,63,Wallowa County,7169
41,65,Wasco County,26532
41,67,Washington County,600933
41,69,Wheeler County,1348
41,71,Yamhill County,106927
42,0,Pennsylvania,12798883
42,1,Adams County,102776
42,3,Allegheny County,1215716
42,5,Armstrong County,64699
42,7,Beaver County,163956
42,9,Bedford County,47913
42,11,Berks County,420375
42,13,Blair County,121942
42,15,Bradford County,60429
42,17,Bucks County,628497
42,19,Butler County,188313
42,21,Cambria County,130107
42,23,Cameron County,4425
42,25,Carbon County,64125
42,27,Centre County,162095
42,29,Chester County,525059
42,31,Clarion County,38498
42,33,Clearfield County,79183
42,35,Clinton County,38302
42,37,Columbia County,65020
42,39,Crawford County,84421
42,41,Cumberland County,253133
42,43,Dauphin County,278427
42,45,Delaware County,566506
42,47,Elk County,29894
42,49,Erie County,269529
42,51,Fayette County,129422
42,53,Forest County,7030
42,55,Franklin County,155522
42,57,Fulton County,14502
42,59,Greene County,36062
42,61,Huntingdon County,44894
42,63,Indiana County,84022
42,65,Jefferson County,43299
42,67,Juniata County,24760
42,69,Lackawanna County,209808
42,71,Lancaster County,545441
42,73,Lawrence County,85504
42,75,Lebanon County,141318
42,77,Lehigh County,369308
42,79,Luzerne County,317438
42,81,Lycoming County,113581
42,83,McKean County,40631
42,85,Mercer County,109296
42,87,Mifflin County,46090
42,89,Monroe County,170083
42,91,Montgomery County,830397
42,93,Montour County,18181
42,95,Northampton County,305515
42,97,Northumberland County,90684
42,99,Perry County,46326
42,101,Philadelphia County,1584439
42,103,Pike County,55826
42,105,Potter County,16545
42,107,Schuylkill County,141166
42,109,Snyder County,40393
42,111,Somerset County,73442
42,113,Sullivan County,5959
42,115,Susquehanna County,40241
42,117,Tioga County,40665
42,119,Union County,44498
42,121,Venango County,50875
42,123,Warren County,39171
42,125,Washington County,206866
42,127,Wayne County,51271
42,129,Westmoreland County,348941
42,131,Wyoming County,26790
42,133,York County,449341
44,0,Rhode Island,1058158
44,1,Bristol County,48527
44,3,Kent County,164233
44,5,Newport County,82472
44,7,Providence County,637052
44,9,Washington County,125874
45,0,South Carolina,5157702
45,1,Abbeville County,24584
45,3,Aiken County,171300
45,5,Allendale County,8627
45,7,Anderson County,202424
45,9,Bamberg County,14108
45,11,Barnwell County,20924
45,13,Beaufort County,192638
45,15,Berkeley County,228952
45,17,Calhoun County,14513
45,19,Charleston County,412615
45,21,Cherokee County,57331
45,23,Chester County,32186
45,25,Chesterfield County,45631
45,27,Clarendon County,33803
45,29,Colleton County,37705
45,31,Darlington County,66656
45,33,Dillon County,30352
45,35,Dorchester County,163517
45,37,Edgefield County,27349
45,39,Fairfield County,22322
45,41,Florence County,138128
45,43,Georgetown County,63025
45,45,Greenville County,524748
45,47,Greenwood County,70963
45,49,Hampton County,19316
45,51,Horry County,354418
45,53,Jasper County,30294
45,55,Kershaw County,66748
45,57,Lancaster County,98280
45,59,Laurens County,67448
45,61,Lee County,16856
45,63,Lexington County,299421
45,65,McCormick County,9462
45,67,Marion County,30565
45,69,Marlboro County,26157
45,71,Newberry County,38408
45,73,Oconee County,79450
45,75,Orangeburg County,86231
45,77,Pickens County,126974
45,79,Richland County,417027
45,81,Saluda County,20381
45,83,Spartanburg County,320254
45,85,Sumter County,106635
45,87,Union County,27221
45,89,Williamsburg County,30256
45,91,York County,281499
46,0,South Dakota,887127
46,3,Aurora County,2749
46,5,Beadle County,18389
46,7,Bennett County,3364
46,9,Bon Homme County,6911
46,11,Brookings County,35463
46,13,Brown County,38883
46,15,Brule County,5222
46,17,Buffalo County,1982
46,19,Butte County,10418
46,21,Campbell County,1380
46,23,Charles Mix County,9286
46,25,Clark County,3740
46,27,Clay County,14096
46,29,Codington County,28092
46,31,Corson County,4076
46,33,Custer County,8929
46,35,Davison County,19865
46,37,Day County,5414
46,39,Deuel County,4334
46,41,Dewey County,5872
46,43,Douglas County,2911
46,45,Edmunds County,3857
46,47,Fall River County,6688
46,49,Faulk County,2307
46,51,Grant County,7102
46,53,Gregory County,4183
46,55,Haakon County,1866
46,57,Hamlin County,6224
46,59,Hand County,3170
46,61,Hanson County,3463
46,63,Harding County,1307
46,65,Hughes County,17487
46,67,Hutchinson County,7287
46,69,Hyde County,1295
46,71,Jackson County,3335
46,73,Jerauld County,2014
46,75,Jones County,911
46,77,Kingsbury County,4907
46,79,Lake County,12769
46,81,Lawrence County,25908
46,83,Lincoln County,61235
46,85,Lyman County,3787
46,87,McCook County,5560
46,89,McPherson County,2388
46,91,Marshall County,4913
46,93,Meade County,28469
46,95,Mellette County,2068
46,97,Miner County,2221
46,99,Minnehaha County,194153
46,101,Moody County,6555
46,102,Oglala Lakota County,14171
46,103,Pennington County,114407
46,105,Perkins County,2833
46,107,Potter County,2149
46,109,Roberts County,10399
46,111,Sanborn County,2345
46,115,Spink County,6401
46,117,Stanley County,3129
46,119,Sully County,1377
46,121,Todd County,10303
46,123,Tripp County,5430
46,125,Turner County,8316
46,127,Union County,16003
46,129,Walworth County,5421
46,135,Yankton County,22837
46,137,Ziebach County,2801
47,0,Tennessee,6830325
47,1,Anderson County,76991
47,3,Bedford County,49684
47,5,Benton County,16199
47,7,Bledsoe County,15085
47,9,Blount County,133396
47,11,Bradley County,108233
47,13,Campbell County,39778
47,15,Cannon County,14583
47,17,Carroll County,27710
47,19,Carter County,56396
47,21,Cheatham County,40828
47,23,Chester County,17306
47,25,Claiborne County,31919
47,27,Clay County,7597
47,29,Cocke County,36017
47,31,Coffee County,56717
47,33,Crockett County,14189
47,35,Cumberland County,60832
47,37,Davidson County,692999
47,39,Decatur County,11608
47,41,DeKalb County,20409
47,43,Dickson County,53856
47,45,Dyer County,37122
47,47,Fayette County,41044
47,49,Fentress County,18568
47,51,Franklin County,42255
47,53,Gibson County,49114
47,55,Giles County,29481
47,57,Grainger County,23406
47,59,Greene County,69127
47,61,Grundy County,13409
47,63,Hamblen County,64873
47,65,Hamilton County,367776
47,67,Hancock County,6605
47,69,Hardeman County,25049
47,71,Hardin County,25627
47,73,Hawkins County,56855
47,75,Haywood County,17244
47,77,Henderson County,28050
47,79,Henry County,32309
47,81,Hickman County,25155
47,83,Houston County,8206
47,85,Humphreys County,18596
47,87,Jackson County,11838
47,89,Jefferson County,54563
47,91,Johnson County,17773
47,93,Knox County,470137
47,95,Lake County,7010
47,97,Lauderdale County,25608
47,99,Lawrence County,44163
47,101,Lewis County,12267
47,103,Lincoln County,34436
47,105,Loudon County,54039
47,107,McMinn County,53810
47,109,McNairy County,25662
47,111,Macon County,24624
47,113,Madison County,98046
47,115,Marion County,28878
47,117,Marshall County,34507
47,119,Maury County,96795
47,121,Meigs County,12358
47,123,Monroe County,46650
47,125,Montgomery County,209807
47,127,Moore County,6439
47,129,Morgan County,21385
47,131,Obion County,30249
47,133,Overton County,22271
47,135,Perry County,8084
47,137,Pickett County,5068
47,139,Polk County,16764
47,141,Putnam County,79957
47,143,Rhea County,33206
47,145,Roane County,53476
47,147,Robertson County,71693
47,149,Rutherford County,332125
47,151,Scott County,22102
47,153,Sequatchie County,15071
47,155,Sevier County,98402
47,157,Shelby County,937070
47,159,Smith County,20115
47,161,Stewart County,13699
47,163,Sullivan County,158469
47,165,Sumner County,191497
47,167,Tipton County,61715
47,169,Trousdale County,11277
47,171,Unicoi County,17914
47,173,Union County,19936
47,175,Van Buren County,5874
47,177,Warren County,41269
47,179,Washington County,129670
47,181,Wayne County,16644
47,183,Weakley County,33269
47,185,White County,27378
47,187,Williamson County,238556
47,189,Wilson County,144507
48,0,Texas,28986794
48,1,Anderson County,57816
48,3,Andrews County,18821
48,5,Angelina County,86761
48,7,Aransas County,23364
48,9,Archer County,8692
48,11,Armstrong County,1853
48,13,Atascosa County,51140
48,15,Austin County,30107
48,17,Bailey County,6859
48,19,Bandera County,23181
48,21,Bastrop County,88737
48,23,Baylor County,3525
48,25,Bee County,32618
48,27,Bell County,363693
48,29,Bexar County,2002445
48,31,Blanco County,11971
48,33,Borden County,656
48,35,Bosque County,18594
48,37,Bowie County,93505
48,39,Brazoria County,374699
48,41,Brazos County,229418
48,43,Brewster County,9144
48,45,Briscoe County,1542
48,47,Brooks County,7093
48,49,Brown County,37770
48,51,Burleson County,18425
48,53,Burnet County,48280
48,55,Caldwell County,43579
48,57,Calhoun County,21237
48,59,Callahan County,13941
48,61,Cameron County,422649
48,63,Camp County,13078
48,65,Carson County,5867
48,67,Cass County,30002
48,69,Castro County,7484
48,71,Chambers County,43726
48,73,Cherokee County,52561
48,75,Childress County,7222
48,77,Clay County,10465
48,79,Cochran County,2825
48,81,Coke County,3316
48,83,Coleman County,8125
48,85,Collin County,1035072
48,87,Collingsworth County,2921
48,89,Colorado County,21467
48,91,Comal County,156435
48,93,Comanche County,13629
48,95,Concho County,2749
48,97,Cooke County,41074
48,99,Coryell County,76543
48,101,Cottle County,1385
48,103,Crane County,4759
48,105,Crockett County,3468
48,107,Crosby County,5701
48,109,Culberson County,2146
48,111,Dallam County,7255
48,113,Dallas County,2635603
48,115,Dawson County,12985
48,117,Deaf Smith County,18559
48,119,Delta County,5327
48,121,Denton County,888765
48,123,DeWitt County,20105
48,125,Dickens County,2185
48,127,Dimmit County,10104
48,129,Donley County,3263
48,131,Duval County,11139
48,133,Eastland County,18267
48,135,Ector County,166204
48,137,Edwards County,1915
48,139,Ellis County,184765
48,141,El Paso County,837501
48,143,Erath County,42536
48,145,Falls County,17282
48,147,Fannin County,35554
48,149,Fayette County,25308
48,151,Fisher County,3810
48,153,Floyd County,5754
48,155,Foard County,1156
48,157,Fort Bend County,812737
48,159,Franklin County,10749
48,161,Freestone County,19753
48,163,Frio County,20199
48,165,Gaines County,21540
48,167,Galveston County,341541
48,169,Garza County,6238
48,171,Gillespie County,26927
48,173,Glasscock County,1430
48,175,Goliad County,7607
48,177,Gonzales County,20899
48,179,Gray County,21849
48,181,Grayson County,136143
48,183,Gregg County,124098
48,185,Grimes County,28940
48,187,Guadalupe County,166970
48,189,Hale County,33098
48,191,Hall County,2992
48,193,Hamilton County,8465
48,195,Hansford County,5380
48,197,Hardeman County,3927
48,199,Hardin County,57796
48,201,Harris County,4709243
48,203,Harrison County,66484
48,205,Hartley County,5507
48,207,Haskell County,5665
48,209,Hays County,230400
48,211,Hemphill County,3831
48,213,Henderson County,82822
48,215,Hidalgo County,867221
48,217,Hill County,36536
48,219,Hockley County,23055
48,221,Hood County,61762
48,223,Hopkins County,37063
48,225,Houston County,22877
48,227,Howard County,36732
48,229,Hudspeth County,4875
48,231,Hunt County,98559
48,233,Hutchinson County,20899
48,235,Irion County,1565
48,237,Jack County,8945
48,239,Jackson County,14760
48,241,Jasper County,35610
48,243,Jeff Davis County,2275
48,245,Jefferson County,251315
48,247,Jim Hogg County,5161
48,249,Jim Wells County,40573
48,251,Johnson County,175997
48,253,Jones County,19867
48,255,Karnes County,15356
48,257,Kaufman County,136459
48,259,Kendall County,47418
48,261,Kenedy County,385
48,263,Kent County,758
48,265,Kerr County,52422
48,267,Kimble County,4362
48,269,King County,267
48,271,Kinney County,3668
48,273,Kleberg County,30502
48,275,Knox County,3663
48,277,Lamar County,49781
48,279,Lamb County,12904
48,281,Lampasas County,21429
48,283,La Salle County,7546
48,285,Lavaca County,20156
48,287,Lee County,17295
48,289,Leon County,17421
48,291,Liberty County,88453
48,293,Limestone County,23389
48,295,Lipscomb County,3214
48,297,Live Oak County,12236
48,299,Llano County,21810
48,301,Loving County,165
48,303,Lubbock County,311087
48,305,Lynn County,5956
48,307,McCulloch County,8011
48,309,McLennan County,257080
48,311,McMullen County,733
48,313,Madison County,14382
48,315,Marion County,9848
48,317,Martin County,5743
48,319,Mason County,4287
48,321,Matagorda County,36655
48,323,Maverick County,58357
48,325,Medina County,51608
48,327,Menard County,2099
48,329,Midland County,176444
48,331,Milam County,24721
48,333,Mills County,4872
48,335,Mitchell County,8161
48,337,Montague County,19848
48,339,Montgomery County,607583
48,341,Moore County,20931
48,343,Morris County,12343
48,345,Motley County,1200
48,347,Nacogdoches County,64846
48,349,Navarro County,49978
48,351,Newton County,13673
48,353,Nolan County,14833
48,355,Nueces County,362347
48,357,Ochiltree County,9815
48,359,Oldham County,2115
48,361,Orange County,83086
48,363,Palo Pinto County,29114
48,365,Panola County,23103
48,367,Parker County,143149
48,369,Parmer County,9555
48,371,Pecos County,15757
48,373,Polk County,51254
48,375,Potter County,116818
48,377,Presidio County,6612
48,379,Rains County,12401
48,381,Randall County,137770
48,383,Reagan County,3842
48,385,Real County,3460
48,387,Red River County,12095
48,389,Reeves County,15951
48,391,Refugio County,6824
48,393,Roberts County,837
48,395,Robertson County,17104
48,397,Rockwall County,104862
48,399,Runnels County,10265
48,401,Rusk County,54386
48,403,Sabine County,10490
48,405,San Augustine County,8220
48,407,San Jacinto County,28867
48,409,San Patricio County,66656
48,411,San Saba County,6009
48,413,Schleicher County,2801
48,415,Scurry County,16655
48,417,Shackelford County,3272
48,419,Shelby County,25297
48,421,Sherman County,3017
48,423,Smith County,232916
48,425,Somervell County,9123
48,427,Starr County,64294
48,429,Stephens County,9364
48,431,Sterling County,1295
48,433,Stonewall County,1336
48,435,Sutton County,3779
48,437,Swisher County,7399
48,439,Tarrant County,2101282
48,441,Taylor County,138141
48,443,Terrell County,752
48,445,Terry County,12354
48,447,Throckmorton County,1473
48,449,Titus County,32744
48,451,Tom Green County,119429
48,453,Travis County,1273567
48,455,Trinity County,14675
48,457,Tyler County,21523
48,459,Upshur County,41705
48,461,Upton County,3644
48,463,Uvalde County,26794
48,465,Val Verde County,49041
48,467,Van Zandt County,56744
48,469,Victoria County,92021
48,471,Walker County,71700
48,473,Waller County,55311
48,475,Ward County,11985
48,477,Washington County,35626
48,479,Webb County,276387
48,481,Wharton County,41671
48,483,Wheeler County,5026
48,485,Wichita County,132328
48,487,Wilbarger County,12695
48,489,Willacy County,21280
48,491,Williamson County,591823
48,493,Wilson County,50950
48,495,Winkler County,7970
48,497,Wise County,69877
48,499,Wood County,45621
48,501,Yoakum County,8686
48,503,Young County,17937
48,505,Zapata County,14221
48,507,Zavala County,11807
49,0,Utah,3203383
49,1,Beaver County,6725
49,3,Box Elder County,55957
49,5,Cache County,128309
49,7,Carbon County,20476
49,9,Daggett County,964
49,11,Davis County,355304
49,13,Duchesne County,19877
49,15,Emery County,10061
49,17,Garfield County,5000
49,19,Grand County,9773
49,21,Iron County,55269
49,23,Juab County,12002
49,25,Kane County,7873
49,27,Millard County,13100
49,29,Morgan County,12115
49,31,Piute County,1472
49,33,Rich County,2468
49,35,Salt Lake County,1158585
49,37,San Juan County,15228
49,39,Sanpete County,30986
49,41,Sevier County,21636
49,43,Summit County,42081
49,45,Tooele County,72110
49,47,Uintah County,35806
49,49,Utah County,635675
49,51,Wasatch County,34210
49,53,Washington County,177938
49,55,Wayne County,2703
49,57,Weber County,259680
50,0,Vermont,624046
50,1,Addison County,36994
50,3,Bennington County,35532
50,5,Caledonia County,29860
50,7,Chittenden County,163918
50,9,Essex County,6145
50,11,Franklin County,49384
50,13,Grand Isle County,7208
50,15,Lamoille County,25420
50,17,Orange County,28809
50,19,Orleans County,26934
50,21,Rutland County,58125
50,23,Washington County,58458
50,25,Windham County,42227
50,27,Windsor County,55032
51,0,Virginia,8556642
51,1,Accomack County,32325
51,3,Albemarle County,109843
51,5,Alleghany County,14898
51,7,Amelia County,13058
51,9,Amherst County,31678
51,11,Appomattox County,15902
51,13,Arlington County,238392
51,15,Augusta County,76120
51,17,Bath County,4169
51,19,Bedford County,79431
51,21,Bland County,6292
51,23,Botetourt County,33500
51,25,Brunswick County,16176
51,27,Buchanan County,21031
51,29,Buckingham County,17134
51,31,Campbell County,55371
51,33,Caroline County,30745
51,35,Carroll County,30022
51,36,Charles City County,6969
51,37,Charlotte County,11849
51,41,Chesterfield County,353376
51,43,Clarke County,14576
51,45,Craig County,5127
51,47,Culpeper County,52722
51,49,Cumberland County,9967
51,51,Dickenson County,14295
51,53,Dinwiddie County,28804
51,57,Essex County,10936
51,59,Fairfax County,1152359
51,61,Fauquier County,71297
51,63,Floyd County,15796
51,65,Fluvanna County,27266
51,67,Franklin County,56185
51,69,Frederick County,89483
51,71,Giles County,16693
51,73,Gloucester County,37499
51,75,Goochland County,23949
51,77,Grayson County,15574
51,79,Greene County,19901
51,81,Greensville County,11289
51,83,Halifax County,34035
51,85,Hanover County,107535
51,87,Henrico County,332513
51,89,Henry County,50724
51,91,Highland County,2176
51,93,Isle of Wight County,37400
51,95,James City County,76838
51,97,King and Queen County,7011
51,99,King George County,26981
51,101,King William County,17198
51,103,Lancaster County,10619
51,105,Lee County,23540
51,107,Loudoun County,414872
51,109,Louisa County,37477
51,111,Lunenburg County,12251
51,113,Madison County,13213
51,115,Mathews County,8782
51,117,Mecklenburg County,30723
51,119,Middlesex County,10561
51,121,Montgomery County,98872
51,125,Nelson County,14867
51,127,New Kent County,22984
51,131,Northampton County,11800
51,133,Northumberland County,12069
51,135,Nottoway County,15206
51,137,Orange County,36941
51,139,Page County,23937
51,141,Patrick County,17592
51,143,Pittsylvania County,60470
51,145,Powhatan County,29734
51,147,Prince Edward County,22827
51,149,Prince George County,38528
51,153,Prince William County,471774
51,155,Pulaski County,34009
51,157,Rappahannock County,7372
51,159,Richmond County,9066
51,161,Roanoke County,94423
51,163,Rockbridge County,22774
51,165,Rockingham County,82140
51,167,Russell County,26739
51,169,Scott County,21578
51,171,Shenandoah County,43557
51,173,Smyth County,30182
51,175,Southampton County,17797
51,177,Spotsylvania County,136447
51,179,Stafford County,153775
51,181,Surry County,6407
51,183,Sussex County,11092
51,185,Tazewell County,40734
51,187,Warren County,40235
51,191,Washington County,53852
51,193,Westmoreland County,18029
51,195,Wise County,37427
51,197,Wythe County,28618
51,199,York County,68579
51,510,Alexandria city,159050
51,520,Bristol city,17036
51,530,Buena Vista city,6481
51,540,Charlottesville city,47283
51,550,Chesapeake city,245403
51,570,Colonial Heights city,17089
51,580,Covington city,5622
51,590,Danville city,40036
51,595,Emporia city,5409
51,600,Fairfax city,23294
51,610,Falls Church city,14551
51,620,Franklin city,7867
51,630,Fredericksburg city,29254
51,640,Galax city,6324
51,650,Hampton city,135048
51,660,Harrisonburg city,53379
51,670,Hopewell city,22523
51,678,Lexington city,7246
51,680,Lynchburg city,81753
51,683,Manassas city,40907
51,685,Manassas Park city,18071
51,690,Martinsville city,12443
51,700,Newport News city,179736
51,710,Norfolk city,243581
51,720,Norton city,3983
51,730,Petersburg city,30593
51,735,Poquoson city,12228
51,740,Portsmouth city,94582
51,750,Radford city,18107
51,760,Richmond city,231027
51,770,Roanoke city,99216
51,775,Salem city,25209
51,790,Staunton city,24916
51,800,Suffolk city,92277
51,810,Virginia Beach city,450766
51,820,Waynesboro city,22416
51,830,Williamsburg city,15019
51,840,Winchester city,28036
53,0,Washington,7614024
53,1,Adams County,19959
53,3,Asotin County,22687
53,5,Benton County,204173
53,7,Chelan County,77053
53,9,Clallam County,77457
53,11,Clark County,489271
53,13,Columbia County,4023
53,15,Cowlitz County,110389
53,17,Douglas County,43251
53,19,Ferry County,7676
53,21,Franklin County,95446
53,23,Garfield County,2266
53,25,Grant County,97959
53,27,Grays Harbor County,75047
53,29,Island County,85344
53,31,Jefferson County,32347
53,33,King County,2249653
53,35,Kitsap County,272299
53,37,Kittitas County,47856
53,39,Klickitat County,22433
53,41,Lewis County,80599
53,43,Lincoln County,10938
53,45,Mason County,66939
53,47,Okanogan County,42403
53,49,Pacific County,22517
53,51,Pend Oreille County,13726
53,53,Pierce County,905719
53,55,San Juan County,17352
53,57,Skagit County,129181
53,59,Skamania County,12096
53,61,Snohomish County,822413
53,63,Spokane County,522231
53,65,Stevens County,45815
53,67,Thurston County,289661
53,69,Wahkiakum County,4420
53,71,Walla Walla County,61062
53,73,Whatcom County,228675
53,75,Whitman County,50136
53,77,Yakima County,251552
54,0,West Virginia,1795263
54,1,Barbour County,16466
54,3,Berkeley County,119623
54,5,Boone County,21352
54,7,Braxton County,13894
54,9,Brooke County,21924
54,11,Cabell County,91897
54,13,Calhoun County,7077
54,15,Clay County,8506
54,17,Doddridge County,8451
54,19,Fayette County,42500
54,21,Gilmer County,7888
54,23,Grant County,11486
54,25,Greenbrier County,34634
54,27,Hampshire County,23213
54,29,Hancock County,28834
54,31,Hardy County,13825
54,33,Harrison County,67339
54,35,Jackson County,28661
54,37,Jefferson County,57347
54,39,Kanawha County,178393
54,41,Lewis County,15877
54,43,Lincoln County,20453
54,45,Logan County,31989
54,47,McDowell County,17600
54,49,Marion County,56077
54,51,Marshall County,30558
54,53,Mason County,26572
54,55,Mercer County,58823
54,57,Mineral County,26904
54,59,Mingo County,23390
54,61,Monongalia County,106281
54,63,Monroe County,13295
54,65,Morgan County,17875
54,67,Nicholas County,24569
54,69,Ohio County,41626
54,71,Pendleton County,6960
54,73,Pleasants County,7416
54,75,Pocahontas County,8274
54,77,Preston County,33479
54,79,Putnam County,56507
54,81,Raleigh County,73659
54,83,Randolph County,28670
54,85,Ritchie County,9616
54,87,Roane County,13651
54,89,Summers County,12536
54,91,Taylor County,16707
54,93,Tucker County,6891
54,95,Tyler County,8622
54,97,Upshur County,24315
54,99,Wayne County,39552
54,101,Webster County,8179
54,103,Wetzel County,15130
54,105,Wirt County,5783
54,107,Wood County,83668
54,109,Wyoming County,20449
55,0,Wisconsin,5824581
55,1,Adams County,20268
55,3,Ashland County,15506
55,5,Barron County,45226
55,7,Bayfield County,15172
55,9,Brown County,263899
55,11,Buffalo County,13012
55,13,Burnett County,15390
55,15,Calumet County,50112
55,17,Chippewa County,64692
55,19,Clark County,34785
55,21,Columbia County,57537
55,23,Crawford County,16121
55,25,Dane County,547637
55,27,Dodge County,87626
55,29,Door County,27752
55,31,Douglas County,43506
55,33,Dunn County,45384
55,35,Eau Claire County,104466
55,37,Florence County,4300
55,39,Fond du Lac County,103079
55,41,Forest County,9034
55,43,Grant County,51509
55,45,Green County,36853
55,47,Green Lake County,18910
55,49,Iowa County,23648
55,51,Iron County,5688
55,53,Jackson County,20676
55,55,Jefferson County,84829
55,57,Juneau County,26688
55,59,Kenosha County,169760
55,61,Kewaunee County,20451
55,63,La Crosse County,118151
55,65,Lafayette County,16667
55,67,Langlade County,19208
55,69,Lincoln County,27596
55,71,Manitowoc County,78785
55,73,Marathon County,135697
55,75,Marinette County,40256
55,77,Marquette County,15537
55,78,Menominee County,4553
55,79,Milwaukee County,947011
55,81,Monroe County,46674
55,83,Oconto County,38057
55,85,Oneida County,35607
55,87,Outagamie County,187927
55,89,Ozaukee County,89597
55,91,Pepin County,7265
55,93,Pierce County,42768
55,95,Polk County,43705
55,97,Portage County,70943
55,99,Price County,13347
55,101,Racine County,196204
55,103,Richland County,17313
55,105,Rock County,163120
55,107,Rusk County,14091
55,109,St. Croix County,90691
55,111,Sauk County,64420
55,113,Sawyer County,16540
55,115,Shawano County,40794
55,117,Sheboygan County,115232
55,119,Taylor County,20340
55,121,Trempealeau County,29583
55,123,Vernon County,30877
55,125,Vilas County,22153
55,127,Walworth County,103898
55,129,Washburn County,15764
55,131,Washington County,136302
55,133,Waukesha County,404545
55,135,Waupaca County,50863
55,137,Waushara County,24388
55,139,Winnebago County,171801
55,141,Wood County,72795
56,0,Wyoming,580116
56,1,Albany County,38819
56,3,Big Horn County,11746
56,5,Campbell County,46420
56,7,Carbon County,14832
56,9,Converse County,13865
56,11,Crook County,7573
56,13,Fremont County,39467
56,15,Goshen County,13225
56,17,Hot Springs County,4415
56,19,Johnson County,8548
56,21,Laramie County,99865
56,23,Lincoln County,19934
56,25,Natrona County,79734
56,27,Niobrara County,2340
56,29,Park County,29192
56,31,Platte County,8475
56,33,Sheridan County,30597
56,35,Sublette County,9867
56,37,Sweetwater County,42917
56,39,Teton County,23385
56,41,Uinta County,20196
56,43,Washakie County,7824
56,45,Weston County,6880
